Question,Predicted Answer,Expected,Fuzzy Score,GPT Score,GPT Reason,Reasoning,Clauses,Latency (s)

"A policyholder's parent, who is 85 years old, is insured under the policy as part of the 'Family'. The parent suffers a 'Chronic condition' that was first diagnosed 5 years before the policy's effective date. The parent is admitted for 'In-patient Care' for this condition. Is the parent eligible for coverage, and would this claim be paid? Why or why not?",The parent is not eligible for coverage for the 'Chronic condition' and the claim would not be paid.,"The parent is eligible for coverage, as they are part of the 'Family' and their age (85) is within the entry age limit (up to 90 years). The claim for the 'Chronic condition' would be covered because it was diagnosed 5 years (60 months) before the policy's effective date, which is outside the 48-month window for a 'Pre-existing Disease'. Therefore, the condition is not considered pre-existing and is eligible for coverage.",0.16,0.0,"The predicted answer directly contradicts the expected answer. The expected answer states that the parent is eligible for coverage and the claim would be paid because the chronic condition was diagnosed outside the pre-existing disease window. In contrast, the predicted answer incorrectly states that the parent is not eligible for coverage and the claim would not be paid. There is no alignment between the predicted and expected answers, resulting in a score of 0.0.","The parent's 'Chronic condition' qualifies as a 'Pre-existing Disease' as it was diagnosed more than 48 months prior to the effective date of the policy. According to the definition of 'Pre-existing Disease' in [chunk_17_pg()], such conditions are excluded from coverage.",chunk_17_pg(),364.22
"A policyholder has a policy with a grace period of thirty days for premium payment. The due date is December 1st. The policyholder pays the premium on December 28th. A claim is filed for a hospitalization that occurred on December 15th. Is the claim valid, and what is the policy's stance on this?",The claim is not valid.,"Yes, the claim is valid. The policy provides a grace period of thirty days for premium payment after the due date. The payment on December 28th is within this grace period. The policy remains in force during the grace period, so the claim for the hospitalization on December 15th would be processed.",0.043,0.0,"The predicted answer directly contradicts the expected answer. The expected answer states that the claim is valid because the policyholder paid within the grace period, and the policy remains in force during this time. However, the predicted answer incorrectly states that the claim is not valid, showing a complete misunderstanding of the policy's grace period terms. Therefore, the predicted answer does not align with the expected answer at all.","According to the clause, 'This Policy provides 30 days Grace Period for renewing the Policy. However, Coverage will not be available during the grace period.' Therefore, since the hospitalization occurred on December 15th, which is within the grace period, coverage was not available, rendering the claim invalid.",chunk_142_pg(),364.22
A person has a 'Pre-existing Disease' that was diagnosed 47 months prior to the policy's effective date. They are hospitalized for a minimum of 24 consecutive hours for a treatment related to this disease. The claim is submitted with a complete set of documentation. What is the likely outcome of the claim?,Not found in provided clauses.,"The claim would be denied. The definition of a 'Pre-existing Disease' is any condition diagnosed within 48 months prior to the effective date of the policy. Since the disease was diagnosed 47 months before the policy, it falls within this window and is excluded from coverage.",0.033,0.0,"The predicted answer 'Not found in provided clauses' does not address the question or align with the expected answer. The expected answer clearly states that the claim would be denied due to the pre-existing disease being diagnosed within the 48-month exclusion window. The predicted answer fails to recognize this key detail and does not provide any relevant information regarding the claim's outcome. Therefore, the predicted answer does not align with the expected answer at all.","The provided clauses do not specify the outcome of claims related to pre-existing diseases diagnosed 47 months prior to the policy's effective date. The definition of 'Pre-existing Disease' in [chunk_17_pg()] mentions conditions diagnosed within 48 months prior to the policy's effective date, but does not explicitly state the claim outcome for such cases. Other chunks provided do not address this specific scenario.",chunk_17_pg(),364.22
A business trip lasts for 350 days. The insured suffers a bodily injury due to an accidental event. A fraudulent claim is filed by a family member to get benefits. The company investigates and finds the claim to be fraudulent. What is the consequence for the policy and the fraudulent claimant? What is the maximum duration for a trip according to the policy?,Not found in provided clauses.,"The maximum duration for a trip (including extensions) is 365 days, so a 350-day trip is within the limit. If a fraudulent claim is made, all benefits under the policy are forfeited, and the premium paid is also forfeited. Any amount already paid must be repaid by the recipients. The consequence is severe, as per the 'Fraudulent Claims' clause in the policy.",0.01,0.2,"The predicted answer 'Not found in provided clauses' does not address the question or align with the expected answer. The expected answer provides specific details about the consequences of a fraudulent claim and the maximum duration for a trip according to the policy. The predicted answer fails to provide any relevant information or attempt to answer the question. However, the predicted answer does indicate a lack of information, which might suggest a limitation in the data provided to the model, hence a minimal score rather than zero.","The provided clauses do not contain any information regarding the consequences of filing a fraudulent claim. However, the maximum duration for a trip according to the policy is mentioned as 365 days in total, including any extensions.",chunk_103_pg(),364.22
"The policy schedule specifies that a 'Trip' includes 'Business and Leisure trips unless specified otherwise'. If a policyholder is on a pilgrimage, which is not explicitly mentioned, would this be considered a covered 'Trip'? Explain your reasoning.",Not found in provided clauses.,"Yes, it would likely be considered a covered 'Trip'. The policy states that a trip includes 'Business and Leisure trips unless specified otherwise'. A pilgrimage, while not a typical 'business' or 'leisure' trip, is a journey out of the usual place of residence and back, which is the core definition of a 'Trip'. Unless the policy explicitly excludes pilgrimages or journeys of a religious nature, it would be covered.",0.013,0.2,"The predicted answer 'Not found in provided clauses' does not align well with the expected answer. The expected answer provides a reasoning that a pilgrimage would likely be considered a covered 'Trip' based on the policy's definition of trips as 'Business and Leisure trips unless specified otherwise'. The predicted answer fails to address this reasoning or provide any analysis of the policy's terms. It simply states that the information is not found, which does not contribute to answering the question. Therefore, the alignment is very poor, resulting in a low score.","The provided clauses define a 'Trip' as a journey out of the usual place of residence in India and back, including Business and Leisure trips unless specified otherwise. However, there is no explicit mention of pilgrimage trips in the provided clauses, nor is there any specification that would include or exclude such trips under the definition of a 'Trip'. Therefore, based on the provided information, it cannot be conclusively determined whether a pilgrimage would be considered a covered 'Trip'.","chunk_52_pg(), chunk_51_pg()",364.22
"A policyholder is traveling on a flight that is unlawfully seized by a third party. The policyholder suffers a minor injury that does not require hospitalization. The policyholder files a claim under the 'Hijack' benefit. Will this claim be paid, and what are the specific criteria for a 'Hijack' claim under this policy?",The claim under the 'Hijack' benefit may be paid if the specific criteria are met.,"The claim would likely not be paid under the 'Personal Accident Covers' section, as the 'Hijack' definition is for the 'unlawful seizure or exercise of control' of the common carrier, which is a condition of the event itself. However, the policyholder would need to meet the criteria for a 'Personal Accident Covers' claim, which is typically for bodily injury or death. The policy states that the sum insured is the maximum liability. However, since the injury is minor and does not meet the specified criteria (e.g., 'Permanent Total Disablement' or 'Accidental Death'), the claim may not be covered.",0.079,0.3,"The predicted answer is overly simplistic and lacks detail compared to the expected answer. The expected answer explains that the 'Hijack' benefit is related to the unlawful seizure of the common carrier and that the claim would likely not be paid because the injury is minor and does not meet the criteria for 'Personal Accident Covers' such as 'Permanent Total Disablement' or 'Accidental Death'. The predicted answer fails to address these specific criteria and conditions, providing an incomplete and potentially misleading response.","The 'Hijack Distress Allowance (AIRWAYS)' provides for payment of an allowance in the event of hijack of a common carrier in which the Insured/Insured Person is traveling on a trip covered under this Policy as specified in the Policy Schedule/certificate. The deductible in respect of this benefit will be applicable for each and every claim separately and shall be of the number of hours the common carrier has been under hijack, as specified in the Policy Schedule/Certificate. Additionally, a police report confirming the incident, a letter from the airline clearly stating the period of hijack, and media coverage details are required. However, the company shall not be liable to make any payment if the Insured/Insured Person is suspected to be either principal or an accessory in the hijacking, or if the claim is a consequence of a change in the regular routes of travel/journey of the common carrier due to traffic, weather, fuel shortage, technical snag, or security reasons.","chunk_229_pg(), chunk_230_pg(), chunk_593_pg(), chunk_586_pg()",364.22
"A family of three (insured, spouse, and one child) has a policy. The child, who is 26 years old, is diagnosed with a 'chronic condition' which was first detected 40 months before the policy's effective date. The child is hospitalized for a minor procedure that requires less than 24 consecutive hours of 'In-patient Care'. Will the policy cover this claim? Justify your answer using the definitions of 'Family', 'Dependent Children', 'Chronic condition', 'Pre-existing Disease', and 'In-patient Care'.",The policy will not cover this claim.,"The policy would not cover this claim. First, the definition of a 'Family' includes dependent children up to the age of 25. Since the child is 26, they are not a dependent child under the policy's definition. Second, even if the child were a dependent, the 'chronic condition' would be classified as a 'Pre-existing Disease' because it was diagnosed within 48 months of the policy's effective date. Therefore, the treatment would be excluded from coverage.",0.138,0.5,"The predicted answer correctly states that the policy will not cover the claim, which aligns with the expected answer's conclusion. However, the predicted answer lacks the detailed justification provided in the expected answer. The expected answer explains that the child is not considered a dependent under the policy due to age and that the condition is a pre-existing disease, both of which are crucial reasons for the denial of coverage. The absence of these justifications in the predicted answer results in a partial alignment, warranting a score of 0.5.","According to the provided clauses, the definition of 'Family' includes dependent children up to the age of 25 years, and 'Dependent Child' refers to a child below the age of 23 years. Since the child in question is 26 years old, they do not qualify as a dependent child under the policy. Additionally, 'Pre-existing Disease' is defined as any condition diagnosed within 48 months prior to the policy's effective date. The child's condition was detected 40 months before the policy's effective date, classifying it as a pre-existing disease. Furthermore, the hospitalization does not meet the 'In-patient Care' requirement for coverage, as it is less than 24 consecutive hours. Therefore, the claim is not covered.","chunk_28_pg(), chunk_17_pg()",364.22
"A member is admitted to a hospital for a series of 'specified procedures/treatments' that individually take less than 24 hours but, combined, result in a total hospitalization of 48 hours. The member is over 90 years of age. Would this be considered 'In-patient Care'? What is the age limit for a member to be insured?","Yes, this would be considered 'In-patient Care'. The clause states: 'Hospitalisation means admission in a Hospital for a minimum period of 24 consecutive ‘In-patient Care’ hours except for specified procedures/ treatments, where such admission could be for a period of less than 24 consecutive hours.' The age limit for a member to be insured is not specified in the provided clauses.","The policy defines 'In-patient Care' as admission for a minimum of 24 consecutive hours, with an exception for specified procedures/treatments where the admission could be for less than 24 hours. In this case, the total hospitalization is 48 hours, which meets the 24-hour criteria. However, the entry age for a member is up to 90 years. Since the member is over 90, they would not be eligible to be insured under this policy.",0.244,0.5,"The predicted answer correctly identifies that the hospitalization qualifies as 'In-patient Care' due to the 48-hour stay, which meets the 24-hour requirement. However, it fails to address the age limit aspect accurately. The expected answer specifies that the entry age limit for insurance is up to 90 years, and since the member is over 90, they would not be eligible. The predicted answer states that the age limit is not specified, which is incorrect. Therefore, the alignment is partial, focusing correctly on the 'In-patient Care' criteria but missing the age eligibility aspect.","The definition of 'In-patient Care' includes admissions for specified procedures/treatments that may take less than 24 hours individually. Since the total hospitalization is 48 hours, it qualifies as 'In-patient Care'. However, the age limit for insurance is not mentioned in the provided clauses.","chunk_9_pg(), chunk_8_pg()",364.22
"An insured person is traveling and their common carrier is 'hijacked'. During the event, they suffer a bodily injury that results in a disablement that lasts for 10 months, after which they fully recover. Can they claim for 'Permanent Total Disablement', and why?","No, they cannot claim for 'Permanent Total Disablement'.","No, they cannot claim for 'Permanent Total Disablement'. The definition requires the disablement to last for a 'continuous period of twelve calendar months' with 'no hopes of improvement at the end of that period'. Since the disablement lasted for only 10 months and the insured fully recovered, it does not meet the criteria for a 'Permanent Total Disablement' claim.",0.264,0.5,"The predicted answer correctly identifies that the insured person cannot claim for 'Permanent Total Disablement'. However, it lacks the detailed reasoning provided in the expected answer. The expected answer explains that the disablement must last for a continuous period of twelve calendar months with no hopes of improvement, and since the disablement lasted only 10 months and the insured fully recovered, it does not meet the criteria. The predicted answer does not include these crucial details, which are important for fully understanding why the claim cannot be made.","According to the definition provided in the clauses, 'Permanent Total Disablement' means a bodily injury caused by accidental, external, violent, and visible means, which as a direct consequence totally disables and prevents the insured from attending to any business or occupation for a continuous period of twelve calendar months from the date of the accident, with no hopes of improvement at the end of that period. Since the disablement lasted for only 10 months and the insured fully recovered, the conditions for claiming 'Permanent Total Disablement' are not met.",chunk_42_pg(),364.22
A person has a policy for which the premium is due on January 1st. A claim is made for a medical expense that occurred on January 30th. The policyholder renews the policy by paying the premium on January 31st. The company finds that the claim is fraudulent. What is the consequence of the fraudulent claim and the late premium payment? How does the 'grace period' affect this scenario?,"All benefits under this policy and the premium paid shall be forfeited due to the fraudulent claim. Any amount already paid against claims found fraudulent shall be repaid by the policyholder. Coverage is not available during the grace period, which means the claim made on January 30th is not covered as the premium was paid after the grace period ended.","The grace period for premium payment is thirty days, so the premium payment on January 31st is within the grace period and the policy is considered renewed. However, if the claim is found to be fraudulent, the 'Fraudulent Claims' clause takes precedence. All benefits under the policy and the premium paid would be forfeited, and any amount already paid would need to be repaid. The fraudulent claim nullifies any benefit from the grace period.",0.033,0.5,"The predicted answer correctly identifies that all benefits and the premium paid are forfeited due to the fraudulent claim, and that any amount already paid must be repaid by the policyholder. However, it incorrectly states that coverage is not available during the grace period and that the claim made on January 30th is not covered because the premium was paid after the grace period ended. In reality, the premium payment on January 31st is within the grace period, so the policy is considered renewed. The main issue is the misunderstanding of the grace period's effect on coverage, which is not aligned with the expected answer.","The policy provides a 30-day grace period for renewing the policy, but coverage is not available during this period. Since the premium was due on January 1st and paid on January 31st, the claim made on January 30th falls within the grace period where no coverage is available. Additionally, due to the fraudulent nature of the claim, all benefits and the premium paid are forfeited, and any amount paid for the fraudulent claim must be repaid by the policyholder.","chunk_142_pg(), chunk_113_pg()",364.22
"The policy defines a 'Family' to include the insured's siblings. The insured's brother, who is 30 years old and lives separately, is added to the policy. The brother is hospitalized for a heart condition that was diagnosed 4 years prior to the policy's effective date. Is the brother a part of the family as per the policy and would the heart condition be covered?","The brother is considered part of the family as per the policy, which defines 'Family' to include siblings. However, the heart condition diagnosed 4 years prior to the policy's effective date would likely not be covered as it is a pre-existing condition.","Yes, the brother is part of the 'Family' as the definition includes 'siblings'. The heart condition would be covered because it was diagnosed 4 years (48 months) prior to the policy's effective date. This is not a 'Pre-existing Disease' as per the policy's definition, which specifies 'within 48 months'. Since it's exactly 48 months or more, it is not considered pre-existing and is therefore covered.",0.104,0.5,"The predicted answer correctly identifies that the brother is part of the 'Family' as per the policy definition, which includes siblings. However, it incorrectly states that the heart condition would likely not be covered as a pre-existing condition. The expected answer clarifies that the condition is not considered pre-existing because it was diagnosed exactly 48 months prior to the policy's effective date, which meets the policy's criteria for coverage. Therefore, the predicted answer partially aligns with the expected answer, but it fails to accurately interpret the policy's stipulation regarding pre-existing conditions.","According to the policy, 'Family' includes the insured's siblings, which means the brother is part of the family as defined by the policy. However, the heart condition was diagnosed 4 years prior to the policy's effective date, indicating it is a pre-existing condition. Typically, pre-existing conditions are not covered unless explicitly stated otherwise in the policy, which is not mentioned in the provided clauses.","chunk_28_pg(), chunk_29_pg()",364.22
"A claim is filed for a 'Permanent Total Disablement'. The claimant provides all required documentation, including police reports, but the company's internal investigation reveals that the details provided in the 'detailed sequence of events' are inconsistent with the 'medical records detailing the accident and injury'. What would be the likely outcome, and what policy clause would be used to justify the decision?",The claim is likely to be denied due to inconsistencies between the 'detailed sequence of events' and the 'medical records detailing the accident and injury'.,"The claim would likely be denied. The company's 'Claim Procedure and Requirements' section requires documentation to be consistent. The inconsistency between the 'detailed sequence of events' and the 'medical records' would raise a red flag. Furthermore, if the company finds the claim to be fraudulent or based on misrepresentation, the 'Fraudulent Claims' clause would apply, leading to the forfeiture of all policy benefits and premium.",0.291,0.7,"The predicted answer correctly identifies that the claim is likely to be denied due to inconsistencies between the 'detailed sequence of events' and the 'medical records'. However, it lacks the detailed justification provided in the expected answer, specifically the reference to the 'Claim Procedure and Requirements' section and the potential application of the 'Fraudulent Claims' clause. The predicted answer captures the main outcome but misses the policy clause details that justify the decision.",The policy requires consistency in the documentation provided to support a claim. Inconsistencies between the 'detailed sequence of events' and 'medical records' could lead to the denial of the claim as it may indicate a breach of policy terms or raise doubts about the legitimacy of the claim.,chunk_579_pg(),364.22
"A policyholder has 'Contents' insurance. The insured is robbed, and several valuable documents, including deeds and promissory notes, are stolen. The insured files a claim for the value of these documents. Will the claim be paid, and why?",The claim will not be paid.,"No, the claim will not be paid. The 'Contents' definition in the policy explicitly excludes 'deeds, bonds, bills of exchange, promissory notes, cheques, traveller's cheques, and securities for money, documents of any kind, cash, and currency notes'. Therefore, the stolen documents are not covered under the policy.",0.158,0.7,"The predicted answer correctly identifies that the claim will not be paid, which aligns with the expected answer. However, the predicted answer lacks the detailed reasoning provided in the expected answer, specifically the exclusion of certain items like deeds and promissory notes from the 'Contents' insurance policy. The absence of this explanation reduces the completeness of the predicted answer, resulting in a score of 0.7.","According to the provided clauses, 'Loss or damage to bullion or unset precious stones, manuscripts, plans, drawings, securities, obligations or documents of any kind, coins or paper money, cheques, vehicles, and explosive substances unless otherwise expressly stated in the policy' are excluded from coverage. Therefore, the stolen deeds and promissory notes, which are considered documents, are not covered under the policy.",chunk_412_pg(),364.22
"A policyholder is on a 'Trip' that has been extended from 350 days to 380 days. During the extension, they are involved in a traffic accident. Is the accident covered under the policy, and what is the maximum duration for a trip?",The accident is not covered under the policy.,"The accident would not be covered. The policy states that the maximum trip duration, including extensions, is 365 days. Since the trip was extended to 380 days, it exceeds the policy's limit, and any incident that occurs during the period after the 365th day would not be covered.",0.135,0.7,"The predicted answer correctly identifies that the accident is not covered under the policy, which aligns with the expected answer. However, the predicted answer lacks the detailed reasoning provided in the expected answer, specifically the explanation about the maximum trip duration of 365 days and the fact that the trip exceeded this limit. The absence of this detail reduces the completeness and clarity of the predicted answer, resulting in a score of 0.7.","According to the clauses, 'for an Insured, the maximum trip duration (including the extension as provided earlier) shall not exceed 365 days in total' [chunk_103_pg()]. Since the trip was extended to 380 days, it exceeds the maximum allowable duration, rendering the extension invalid. Additionally, 'The Company will also not be liable to pay any claim filed under the extended Policy' [chunk_102_pg()]. Therefore, any claims during the period beyond 365 days, including the traffic accident, would not be covered.","chunk_103_pg(), chunk_102_pg()",364.22
"A policyholder suffers an accident that leads to 'Permanent Total Disablement'. The injury occurred during a trip outside their usual place of residence. The policyholder makes a claim for both the medical expenses and the disablement benefit. What are the key definitions and conditions the company would examine to validate the claim for both benefits, and what would be the maximum liability for the disablement benefit?","The company would examine the definition of 'Permanent Total Disablement', which is defined as a bodily injury caused by accidental, external, violent, and visible means, which as a direct consequence totally disables and prevents the insured from attending to any business or occupation of any and every kind, or if he/she has no business or occupation, from attending to his/her usual and normal duties that last for a continuous period of twelve calendar months from the date of the accident, with no hopes of improvement at the end of that period. The disablement must occur within one year of the accident and be confirmed and claimed for prior to the expiry of a period of 3 months since occurrence of the disablement. The maximum liability for the disablement benefit shall not exceed 100% of the Sum Insured as specified in the Policy Schedule.","The company would examine the definitions of 'Accident/Accidental', 'Permanent Total Disablement', and 'Trip'. They would need to confirm that the injury was caused by an 'Accident' and that it resulted in a disablement that prevents the insured from working for a continuous period of twelve months with no hope of improvement, meeting the definition of 'Permanent Total Disablement'. The 'Trip' definition would be reviewed to ensure the journey was covered. The maximum liability for the 'Permanent Total Disablement' benefit would be the Sum Insured.",0.1,0.8,"The predicted answer aligns well with the expected answer in terms of defining 'Permanent Total Disablement' and the conditions under which it is validated, such as the requirement for the disablement to last for a continuous period of twelve months with no hope of improvement. It also correctly identifies the maximum liability as the Sum Insured. However, the predicted answer does not address the definitions of 'Accident/Accidental' and 'Trip', which are mentioned in the expected answer as key elements the company would examine. This omission slightly reduces the alignment with the expected answer.","The provided clauses outline the conditions under which a claim for 'Permanent Total Disablement' can be validated, including the requirement for the disablement to last for a continuous period of twelve calendar months and the claim to be made within three months of the disablement occurrence. The maximum liability is capped at 100% of the Sum Insured as specified in the Policy Schedule.","chunk_42_pg(), chunk_78_pg(), chunk_207_pg()",364.22
"A 'Family' policy covers the insured, spouse, and two children. The insured's parents also live with them and are dependent on the insured. The insured adds the parents to the policy. Are the parents covered, and under which definition?","Yes, the parents are covered under the definition of 'Family'.","Yes, the parents are covered. The definition of 'Family' explicitly includes 'parents' in addition to the insured, lawful spouse, and a maximum of any two dependent children. So, the addition of the parents to the policy would be in line with the policy's definitions.",0.176,0.8,"The predicted answer correctly states that the parents are covered under the definition of 'Family'. However, it lacks the detailed explanation provided in the expected answer, which specifies that the definition of 'Family' explicitly includes 'parents' along with the insured, lawful spouse, and a maximum of any two dependent children. The predicted answer is accurate but not as comprehensive as the expected answer.","The definition of 'Family' includes the Insured, his/her lawful spouse, and a maximum of any two dependent children up to the age of 25 years, parents, parents-in-laws, siblings, children's in-laws, and partner. Therefore, the insured's parents are included in the 'Family' definition.","chunk_28_pg(), chunk_29_pg()",364.22
"A policyholder's claim for a 'critical illness' is initially approved, and a payment is made. Later, the company finds out that the medical records submitted were fraudulent and that the 'illness' was a 'Pre-existing Disease' that was diagnosed 40 months prior to the policy's effective date. What action will the company take, and what is the basis for it?","The company will require repayment of any amount already paid against the fraudulent claim, and the policyholder will be jointly and severally liable for such repayment to the insurer.","The company will take action based on the 'Fraudulent Claims' clause. Since the medical records were fraudulent and the claim was for a 'Pre-existing Disease' (diagnosed within the 48-month window), the company will forfeit all benefits and the premium paid. The amount already paid to the policyholder must be repaid to the company.",0.104,0.8,"The predicted answer captures the core action that the company will take, which is requiring repayment of the amount already paid against the fraudulent claim. This aligns with the expected answer's mention of forfeiting benefits and requiring repayment. However, the predicted answer does not explicitly mention the 'Fraudulent Claims' clause or the forfeiture of the premium paid, which are both included in the expected answer. Despite these omissions, the main consequence of repayment is correctly identified, justifying a high score but not a perfect one.","According to the provided clauses, any amount already paid against claims made under the policy but found to be fraudulent later shall be repaid by all recipients/policyholders who made that particular claim. This is based on the definition of 'fraud' which includes acts committed by the insured person or by his agent or the hospital/doctor/any other party acting on behalf of the insured person, with intent to deceive the insurer.","chunk_113_pg(), chunk_114_pg()",364.22
"A 70-year-old insured person is diagnosed with a 'critical illness' (as per the policy's list) 50 months after the policy's effective date. The insured is admitted for 'In-patient Care' for 28 hours. The illness requires 'ongoing or long-term monitoring'. Can this be considered a 'chronic condition', and what is the policy's stance on this claim considering the age and timing of the diagnosis?","The illness can be considered a 'chronic condition' as it requires 'ongoing or long-term monitoring' as per the definition provided in the policy. The policy defines a chronic condition as having characteristics such as needing ongoing or long-term monitoring, control or relief of symptoms, or continuing indefinitely. Since the diagnosis occurred 50 months after the policy's effective date, it does not fall under 'Pre-existing Disease' as defined by the policy, which considers conditions diagnosed within 48 months prior to the policy's effective date. Therefore, the claim should be considered valid under the policy terms.","Yes, this can be considered a 'chronic condition' as it requires 'ongoing or long-term monitoring'. The policy's entry age is up to 90 years, so the insured's age is within the limit. Since the illness was diagnosed 50 months after the policy's effective date, it would not be a 'Pre-existing Disease'. The hospitalization for 28 hours meets the 'In-patient Care' definition. Therefore, the claim would likely be covered, assuming all other policy conditions are met.",0.356,0.9,"The predicted answer aligns well with the expected answer, covering the key points regarding the classification of the illness as a 'chronic condition' due to the need for 'ongoing or long-term monitoring'. It also correctly identifies that the diagnosis occurring 50 months after the policy's effective date does not classify it as a 'Pre-existing Disease'. However, the predicted answer does not explicitly mention the insured's age being within the policy's entry age limit, nor does it address the 'In-patient Care' requirement being met by the 28-hour hospitalization. These omissions slightly reduce the completeness of the response, resulting in a score of 0.9.","According to the provided clauses, a 'chronic condition' is defined as a disease, illness, or injury that requires ongoing or long-term monitoring, which matches the situation described. The policy's definition of 'Pre-existing Disease' includes conditions diagnosed within 48 months prior to the effective date, which does not apply here since the diagnosis occurred 50 months after. Therefore, the claim should be processed according to the policy's terms for a chronic condition.","chunk_10_pg(), chunk_17_pg()",364.22
"An insured's spouse, aged 50, has a 'Pre-existing Disease' that was diagnosed 45 months prior to the policy's effective date. The spouse is hospitalized for a different illness that is not a pre-existing condition, and the hospitalization lasts for 30 hours. Is the spouse considered part of the 'Family', and would the new hospitalization be covered?","The spouse is considered part of the 'Family', and the new hospitalization would be covered as it is not related to a pre-existing condition.","Yes, the spouse is part of the 'Family' as per the definition, which includes the 'lawful spouse'. The hospitalization for 30 hours meets the 'In-patient Care' definition. The fact that the spouse has a 'Pre-existing Disease' is irrelevant to the new claim, as the hospitalization is for a different illness that is not a pre-existing condition. Therefore, the claim for the new illness would be covered.",0.213,0.9,"The predicted answer correctly identifies that the spouse is part of the 'Family' and that the new hospitalization would be covered since it is not related to a pre-existing condition. However, it lacks the detail provided in the expected answer regarding the definition of 'In-patient Care' and the irrelevance of the pre-existing disease to the new claim. Despite this, the core elements of the expected answer are present in the predicted answer.","According to the definition of 'Family' in [chunk_28_pg()], the insured's lawful spouse is included. The 'Pre-existing Disease' clause in [chunk_17_pg()] specifies that a condition diagnosed within 48 months prior to the policy's effective date is considered pre-existing. Since the new hospitalization is for a different illness that is not a pre-existing condition, it would be covered.","chunk_28_pg(), chunk_17_pg()",364.22
"A policyholder suffers an injury that results in a temporary disablement for 11 months. The disablement is a direct consequence of an accident. The policyholder claims for 'Permanent Total Disablement'. The company denies the claim. What is the basis for the denial, and what is the key difference between temporary and permanent total disablement in this context?","The basis for the denial is that 'Permanent Total Disablement' requires the disablement to last for a continuous period of twelve calendar months from the date of the accident, with no hopes of improvement at the end of that period.","The basis for the denial is that the disablement did not last for a 'continuous period of twelve calendar months'. The key difference is the duration of the disablement. 'Permanent Total Disablement' specifically requires a minimum continuous period of twelve months with no hope of improvement. A disablement of 11 months, even if a result of an accident, does not meet this specific criterion.",0.252,0.9,"The predicted answer aligns well with the expected answer. It correctly identifies the basis for the denial as the requirement for the disablement to last for a continuous period of twelve calendar months. It also mentions the necessity of no hope of improvement at the end of that period, which is implied in the expected answer. However, the predicted answer does not explicitly state the key difference between temporary and permanent total disablement, which is the duration of the disablement. Despite this omission, the core reasoning for the denial is accurately captured.","The policy defines 'Permanent Total Disablement' as a condition that 'totally disables and prevents the insured from attending to any business or occupation of any and every kind... that last for a continuous period of twelve calendar months from the date of the accident, with no hopes of improvement at the end of that period.' Since the policyholder's disablement lasted only 11 months, it does not meet the criteria for 'Permanent Total Disablement'.",chunk_42_pg(),364.22